Screen ,Event Name ,Description ,
,,,
Sign up,viewed_create_new_account_login_page,NOT ACTIVE,
,create_new_user_clicked_resend_otp,,Total Count : 109 (NO DUPLICATES)
,create_new_user_viewed_verify,,
,create_new_user_clicked_verify_otp,,
,signup_send_otp_failed,,
,,,
Login Screen ,viewed_login_otp_verify_page,User opens the OTP verification screen during login.,
,clicked_login_verify_otp,User taps the button to verify the entered OTP.,
,viewed_login_page,,
,clicked_login_btn,,
,login_verify_otp_success,OTP verification is successful and the user is logged in.,
,login_verify_otp_failed,OTP verification fails due to an incorrect or expired OTP.,
,clicked_login_resend_otp,User requests to resend the OTP.,
,clicked_login_send_otp_btn,User clicks the button to receive an OTP for login.,
,,,
hisaab list & hisab page ,clicked_hisab_coustom_date_btn,User clicks the Custom Date button on the Hisab page to view data for a selected date range.,
,clicked_hisab_bus_detail_card,User taps on a bus detail card to view its Hisab information.,
,viewed_hisab_page,User opens the Hisab page,
,clicked_hisab_bus_selection_btn,User clicks the button to select a bus for viewing Hisab details.,
,viewed_hisab_bus_detail,,
,clicked_hisab_download_btn,User clicks the download button to export Hisab data.,
,clicked_hisab_today_btn,User selects Today to view Hisab data for the current day.,
,clicked_hisab_yestarday_btn,User selects Yesterday to view Hisab data for the previous day.,
,,,
"Block Seat   ,   Bus Route Price 
Price Matrix
",view_pricing_page_prices_download_success,Pricing details are successfully downloaded.,
,view_pricing_page_prices_upload_success,Pricing details are successfully uploaded.,
,viewed_view_pricing_page,User opens the View Pricing page.,
,clicked_view_pricing_page_prices_download,User clicks the button to download pricing details.,
,clicked_view_pricing_page_prices_upload,User clicks the button to upload pricing details.,
,clicked_view_pricing_page_feedback,User opens the feedback option on the View Pricing page.,
,clicked_view_pricing_page_feedback_submit,User submits feedback related to pricing.,
,clicked_view_pricing_page_seat_type_selection,User selects a seat type while viewing pricing details.,
,,,
Bus Route and Pricing,viewed_view_route_page_back_btn,User clicks the Back button on the View Route page.,
,clicked_view_route_page_submit_changes,User clicks the button to submit route changes.,
,clicked_view_route_page_submit_changes_confirmed,User confirms the submitted route changes.,
,viewed_view_route_page,,
,viewed_manage_route_and_pricing_page,User opens the Route and Pricing page.,
,clicked_manage_route_and_pricing_bus_card,User selects a bus card to manage its route or pricing.,
,clicked_manage_route_and_pricing_view_route_btn,User clicks the button to view the selected bus route.,
,,,
Setting Page,viewed_setting_ticketing_machine_page,User opens the Ticketing Machine settings page.,
,clicked_ticketing_machine_bus_selection_btn,User clicks the button to select a bus while configuring the ticketing machine.,
,viewed_machine_name_change_page,User opens the page to change or update the machine name.,
,smart_ticketing_settings_failed,Updating smart ticketing settings fails due to an error.,
,,,
,,,
Wallet history,viewed_card_wallet_history_page,User opens the Card Wallet History page.,
,clicked_card_wallet_history_date_selection,User selects a date or date range to filter card wallet history.,
,,,
change language,viewed_nav_drawer_change_language_save_btn,User taps the Save button after selecting a language from the navigation drawer.,
,change_language_api_failed,Language change request fails due to an API or network error.,
,,,
,,,
Home Page,clicked_nav_drawer_change_language,HOME SIDE BAR ,
,clicked_nav_drawer_cash_settlement,,
,clicked_nav_drawer_reports,,
,clicked_nav_drawer_manage_route_pricing,,
,clicked_nav_drawer_pos_settings,,
,clicked_nav_drawer_dsn_mapping,,
,clicked_nav_drawer_online_payments_history,,
,clicked_nav_drawer_offer_discount,,
,clicked_nav_drawer_recharge,,
,clicked_nav_drawer_training_videos,,
,clicked_nav_drawer_my_profile,,
,clicked_nav_drawer_t&c,,
,clicked_homepage_banner_$type,User clicks on a banner displayed on the home page (the banner type varies).,
,home_page_load_error,Home page fails to load due to an error.,
,clicked_nav_drawer_menu,User opens the navigation drawer menu.,
,,,
traning videos,viewed_training_videos_page,,
,viewed_t&c_page,,
,,,
Recharge Page,clicked_recharge_page_my_subscription,User opens the My Subscription section from the Recharge page.,
,viewed_recharge_page,User opens the Recharge page,
,clicked_recharge_page_pay_now_all_btn,User clicks the button to pay for all pending recharges at once.,
,clicked_recharge_page_recaharge_history_btn,User opens the Recharge History section.,
,clicked_recharge_page_pay_now_btn,User clicks the Pay Now button to make a recharge payment.,
,,,
,viewed_dashboard_page,,
,dashboard_page_pay_btn,,
,clicked_dashboard_online_booking_call_conductor_btn,,
,dashboard_online_booking_detail_clicked_dashboard_card,,
,dashboard_online_booking_detail_clicked_btn,,
,dashboard_clicked_gps_vistar_se_dekhe_bus_card,,
,,,
,,,
support components,contact_us_failed,Contact Us action fails due to an error.,
,clicked_view_route_page_contact_us_btn,User clicks the Contact Us button on the View Route page.,
,clicked_view_route_page_feedback,User opens the feedback option on the View Route page.,
,chat_now_failed,Chat support fails to open or connect.,
,mail_now_failed,Email support action fails due to an error.,
,,,
offer discount page,clicked_offer_discount_edit,User clicks the edit option for an existing offer or discount.,
,clicked_offer_discount_chat_us,User clicks Chat Us for help related to offers or discounts.,
,viewed_offer_discount_page,User opens the Offer & Discount page.,
,clicked_offer_discount_delete_confirm,User confirms the intention to delete an offer or discount.,
,clicked_offer_discount_delete_confirm_btn,User clicks the delete button for an offer or discount.,
,clicked_offer_discount_delete_Back,User clicks the back button on the delete confirmation screen.,
,clicked_offer_discount_delete_btn,User clicks the final confirmation button to delete an offer or discount.,
,clicked_offer_discount_ladies_discount,User selects or manages the Ladies Discount option.,
,clicked_offer_discount_student_discount,User selects or manages the Student Discount option.,
,,,
,,,
,,,
,,,
conductor settlement,clicked_cash_settlement_bus_card,User selects a bus card on the Cash Settlement screen.,
,viewed_cash_settlement_bus_tickets_detail_page,User views ticket details for a selected bus in Cash Settlement.,
,viewed_cash_settlement_screen,User opens the Cash Settlement main screen.,
,clicked_cash_settlement_non_settled_btn,User clicks the button to view non-settled trips or tickets.,
,clicked_cash_settlement_settle_btn,User clicks the button to settle cash for selected trips.,
,clicked_cash_settlement_settled_btn,User clicks the button to view already settled trips or tickets.,
,clicked_cash_settlement_tickets_detail_back_btn,User clicks the back button from the ticket details page.,
,clicked_cash_settlement_trip_setlle_btn,User clicks the button to settle cash for selected trips.,
,,,
,,,
Reports,clicked_reports_delete_trip_confirmation_btn,User confirms deletion of a trip from the Reports section.,
,,,
,,,
,,,
camera & video screens,camera_embedded_player_video_playing,Custom Video player component ,
,camera_embedded_player_video_paused,,
,camera_embedded_player_sound_muted,,
,camera_embedded_player_sound_unmuted,,
,camera_fullscreen_player_video_playing,,
,camera_fullscreen_player_video_paused,,
,camera_fullscreen_player_sound_muted,,
,camera_fullscreen_player_sound_unmuted,,
,,,
,,,
Cautio and Novus camera screen ,viewed_camera_list_page,User opens the camera list page.,
,,,
Bus Listing ,date_change_on_bus_list,User changes the date while viewing the bus list.,
,,,
,,,
Profile Screen ,viewed_my_profile_page,User opens the My Profile page.,
,,,
Online Payment Screen ,viewed_online_payment_history_page,User opens the Online Payment History page.,
,viewed_pending_payment_page,User opens the Pending Payment page.,
,clicked_online_payment_history_page_date_selection,User selects a date or date range to filter online payment history.,
,,,
,,,
,,,
,,,
,,,
,Total Count : 109 (NO DUPLICATES),,